aichi_nagoya,https://www.google.com/alerts/feeds/15990744407146780737/8011557279738314835
kanagawa_yokohama,https://www.google.com/alerts/feeds/15990744407146780737/5678699242860995325
nagano_matsumoto,https://www.google.com/alerts/feeds/15990744407146780737/8011557279738318399
tokyo_chofu,https://www.google.com/alerts/feeds/15990744407146780737/8011557279738314822
ibaraki_tsukuba,https://www.google.com/alerts/feeds/15990744407146780737/8011557279738316545
shizuoka_hamamatsu,https://www.google.com/alerts/feeds/15990744407146780737/14807389987483073019
kanagawa_chigasaki,https://www.google.com/alerts/feeds/15990744407146780737/1324421038357625613
hyogo_akashi,https://www.google.com/alerts/feeds/15990744407146780737/8011557279738317601
osaka_osaka,https://www.google.com/alerts/feeds/15990744407146780737/8011557279738316890
kanagawa_kawasaki,https://www.google.com/alerts/feeds/15990744407146780737/1324421038357625917
fukuoka_kitakyushu,https://www.google.com/alerts/feeds/15990744407146780737/1324421038357625476
okayama_okayama,https://www.google.com/alerts/feeds/15990744407146780737/1324421038357625199
kanagawa_hakone,https://www.google.com/alerts/feeds/15990744407146780737/8011557279738316454
kanagawa_yugawara,https://www.google.com/alerts/feeds/15990744407146780737/11759793603062633390
hokkaido_hakodate,https://www.google.com/alerts/feeds/15990744407146780737/8011557279738316441
ishikawa_kanazawa,https://www.google.com/alerts/feeds/15990744407146780737/8011557279738317549
hiroshima_fukuyama,https://www.google.com/alerts/feeds/15990744407146780737/132442103835762446
osaka_hirakata,https://www.google.com/alerts/feeds/15990744407146780737/8011557279738314932
shizuoka_numazu,https://www.google.com/alerts/feeds/15990744407146780737/11759793603062632623
aichi_kasugai,https://www.google.com/alerts/feeds/15990744407146780737/11759793603062632687
yamanashi_kofu,https://www.google.com/alerts/feeds/15990744407146780737/4774570072401935109
kanagawa_sagamihara,https://www.google.com/alerts/feeds/15990744407146780737/13365484510454475231
osaka_sakai,https://www.google.com/alerts/feeds/15990744407146780737/1299305877746988206
tokyo_shinagawa,https://www.google.com/alerts/feeds/15990744407146780737/13365484510454475210
kanagawa_yokosuka,https://www.google.com/alerts/feeds/15990744407146780737/16240971001738688292
saitama_kasukabe,https://www.google.com/alerts/feeds/15990744407146780737/13365484510454475239
saitama_kumagaya,https://www.google.com/alerts/feeds/15990744407146780737/13365484510454473175
nagasaki_sasebo,https://www.google.com/alerts/feeds/15990744407146780737/6187991908549595303
kanagawa_ebina,https://www.google.com/alerts/feeds/15990744407146780737/6187991908549596163
kanagawa_kamakura,https://www.google.com/alerts/feeds/15990744407146780737/13365484510454476679
kanagawa_hiratsuka,https://www.google.com/alerts/feeds/15990744407146780737/6187991908549596741
yamaguchi_yamaguchi,https://www.google.com/alerts/feeds/15990744407146780737/4713077684148401282
hyogo_kobe,https://www.google.com/alerts/feeds/15990744407146780737/6187991908549597055
kyoto_kyoto,https://www.google.com/alerts/feeds/15990744407146780737/853546552446008180
gunma_maebashi,https://www.google.com/alerts/feeds/15990744407146780737/4713077684148400587
tochigi_utsunomiya,https://www.google.com/alerts/feeds/15990744407146780737/6187991908549595418
miyagi_sendai,https://www.google.com/alerts/feeds/15990744407146780737/4713077684148400201
iwate_morioka,https://www.google.com/alerts/feeds/15990744407146780737/853546552446008879
aomori_aomori,https://www.google.com/alerts/feeds/15990744407146780737/6187991908549598405
hokkaido_sapporo,https://www.google.com/alerts/feeds/15990744407146780737/4713077684148400546
niigata_niigata,https://www.google.com/alerts/feeds/15990744407146780737/853546552446006755
toyama_toyama,https://www.google.com/alerts/feeds/15990744407146780737/4713077684148401813
tokyo_setagaya,https://www.google.com/alerts/feeds/15990744407146780737/14001367227885582777
tokyo_shibuya,https://www.google.com/alerts/feeds/15990744407146780737/17243276089253082489
saitama_tokorozawa,https://www.google.com/alerts/feeds/15990744407146780737/14560388189395756510
